inventory_id,title,rental_duration,rental_rate,replacement_cost,address
1,"ACADEMY DINOSAUR",6,0.99,20.99,"47 MySakila Drive"
2,"ACADEMY DINOSAUR",6,0.99,20.99,"47 MySakila Drive"
3,"ACADEMY DINOSAUR",6,0.99,20.99,"47 MySakila Drive"
4,"ACADEMY DINOSAUR",6,0.99,20.99,"47 MySakila Drive"
5,"ACADEMY DINOSAUR",6,0.99,20.99,"28 MySQL Boulevard"
6,"ACADEMY DINOSAUR",6,0.99,20.99,"28 MySQL Boulevard"
7,"ACADEMY DINOSAUR",6,0.99,20.99,"28 MySQL Boulevard"
8,"ACADEMY DINOSAUR",6,0.99,20.99,"28 MySQL Boulevard"
9,"ACE GOLDFINGER",3,4.99,12.99,"28 MySQL Boulevard"
10,"ACE GOLDFINGER",3,4.99,12.99,"28 MySQL Boulevard"
11,"ACE GOLDFINGER",3,4.99,12.99,"28 MySQL Boulevard"
12,"ADAPTATION HOLES",7,2.99,18.99,"28 MySQL Boulevard"
13,"ADAPTATION HOLES",7,2.99,18.99,"28 MySQL Boulevard"
14,"ADAPTATION HOLES",7,2.99,18.99,"28 MySQL Boulevard"
15,"ADAPTATION HOLES",7,2.99,18.99,"28 MySQL Boulevard"
16,"AFFAIR PREJUDICE",5,2.99,26.99,"47 MySakila Drive"
17,"AFFAIR PREJUDICE",5,2.99,26.99,"47 MySakila Drive"
18,"AFFAIR PREJUDICE",5,2.99,26.99,"47 MySakila Drive"
19,"AFFAIR PREJUDICE",5,2.99,26.99,"47 MySakila Drive"
20,"AFFAIR PREJUDICE",5,2.99,26.99,"28 MySQL Boulevard"
21,"AFFAIR PREJUDICE",5,2.99,26.99,"28 MySQL Boulevard"
22,"AFFAIR PREJUDICE",5,2.99,26.99,"28 MySQL Boulevard"
23,"AFRICAN EGG",6,2.99,22.99,"28 MySQL Boulevard"
24,"AFRICAN EGG",6,2.99,22.99,"28 MySQL Boulevard"
25,"AFRICAN EGG",6,2.99,22.99,"28 MySQL Boulevard"
26,"AGENT TRUMAN",3,2.99,17.99,"47 MySakila Drive"
27,"AGENT TRUMAN",3,2.99,17.99,"47 MySakila Drive"
28,"AGENT TRUMAN",3,2.99,17.99,"47 MySakila Drive"
29,"AGENT TRUMAN",3,2.99,17.99,"28 MySQL Boulevard"
30,"AGENT TRUMAN",3,2.99,17.99,"28 MySQL Boulevard"
31,"AGENT TRUMAN",3,2.99,17.99,"28 MySQL Boulevard"
32,"AIRPLANE SIERRA",6,4.99,28.99,"47 MySakila Drive"
33,"AIRPLANE SIERRA",6,4.99,28.99,"47 MySakila Drive"
34,"AIRPLANE SIERRA",6,4.99,28.99,"28 MySQL Boulevard"
35,"AIRPLANE SIERRA",6,4.99,28.99,"28 MySQL Boulevard"
36,"AIRPLANE SIERRA",6,4.99,28.99,"28 MySQL Boulevard"
37,"AIRPORT POLLOCK",6,4.99,15.99,"28 MySQL Boulevard"
38,"AIRPORT POLLOCK",6,4.99,15.99,"28 MySQL Boulevard"
39,"AIRPORT POLLOCK",6,4.99,15.99,"28 MySQL Boulevard"
40,"AIRPORT POLLOCK",6,4.99,15.99,"28 MySQL Boulevard"
41,"ALABAMA DEVIL",3,2.99,21.99,"47 MySakila Drive"
42,"ALABAMA DEVIL",3,2.99,21.99,"47 MySakila Drive"
43,"ALABAMA DEVIL",3,2.99,21.99,"47 MySakila Drive"
44,"ALABAMA DEVIL",3,2.99,21.99,"28 MySQL Boulevard"
45,"ALABAMA DEVIL",3,2.99,21.99,"28 MySQL Boulevard"
46,"ALADDIN CALENDAR",6,4.99,24.99,"47 MySakila Drive"
47,"ALADDIN CALENDAR",6,4.99,24.99,"47 MySakila Drive"
48,"ALADDIN CALENDAR",6,4.99,24.99,"47 MySakila Drive"
49,"ALADDIN CALENDAR",6,4.99,24.99,"47 MySakila Drive"
50,"ALADDIN CALENDAR",6,4.99,24.99,"28 MySQL Boulevard"
51,"ALADDIN CALENDAR",6,4.99,24.99,"28 MySQL Boulevard"
52,"ALADDIN CALENDAR",6,4.99,24.99,"28 MySQL Boulevard"
53,"ALAMO VIDEOTAPE",6,0.99,16.99,"47 MySakila Drive"
54,"ALAMO VIDEOTAPE",6,0.99,16.99,"47 MySakila Drive"
55,"ALAMO VIDEOTAPE",6,0.99,16.99,"47 MySakila Drive"
56,"ALAMO VIDEOTAPE",6,0.99,16.99,"47 MySakila Drive"
57,"ALAMO VIDEOTAPE",6,0.99,16.99,"28 MySQL Boulevard"
58,"ALAMO VIDEOTAPE",6,0.99,16.99,"28 MySQL Boulevard"
59,"ALAMO VIDEOTAPE",6,0.99,16.99,"28 MySQL Boulevard"
60,"ALASKA PHANTOM",6,0.99,22.99,"47 MySakila Drive"
61,"ALASKA PHANTOM",6,0.99,22.99,"47 MySakila Drive"
62,"ALASKA PHANTOM",6,0.99,22.99,"47 MySakila Drive"
63,"ALASKA PHANTOM",6,0.99,22.99,"28 MySQL Boulevard"
64,"ALASKA PHANTOM",6,0.99,22.99,"28 MySQL Boulevard"
65,"ALASKA PHANTOM",6,0.99,22.99,"28 MySQL Boulevard"
66,"ALASKA PHANTOM",6,0.99,22.99,"28 MySQL Boulevard"
67,"ALI FOREVER",4,4.99,21.99,"28 MySQL Boulevard"
68,"ALI FOREVER",4,4.99,21.99,"28 MySQL Boulevard"
69,"ALI FOREVER",4,4.99,21.99,"28 MySQL Boulevard"
70,"ALI FOREVER",4,4.99,21.99,"28 MySQL Boulevard"
71,"ALIEN CENTER",5,2.99,10.99,"47 MySakila Drive"
72,"ALIEN CENTER",5,2.99,10.99,"47 MySakila Drive"
73,"ALIEN CENTER",5,2.99,10.99,"28 MySQL Boulevard"
74,"ALIEN CENTER",5,2.99,10.99,"28 MySQL Boulevard"
75,"ALIEN CENTER",5,2.99,10.99,"28 MySQL Boulevard"
76,"ALIEN CENTER",5,2.99,10.99,"28 MySQL Boulevard"
77,"ALLEY EVOLUTION",6,2.99,23.99,"47 MySakila Drive"
78,"ALLEY EVOLUTION",6,2.99,23.99,"47 MySakila Drive"
79,"ALLEY EVOLUTION",6,2.99,23.99,"28 MySQL Boulevard"
80,"ALLEY EVOLUTION",6,2.99,23.99,"28 MySQL Boulevard"
81,"ALONE TRIP",3,0.99,14.99,"47 MySakila Drive"
82,"ALONE TRIP",3,0.99,14.99,"47 MySakila Drive"
83,"ALONE TRIP",3,0.99,14.99,"47 MySakila Drive"
84,"ALONE TRIP",3,0.99,14.99,"28 MySQL Boulevard"
85,"ALONE TRIP",3,0.99,14.99,"28 MySQL Boulevard"
86,"ALONE TRIP",3,0.99,14.99,"28 MySQL Boulevard"
87,"ALTER VICTORY",6,0.99,27.99,"47 MySakila Drive"
88,"ALTER VICTORY",6,0.99,27.99,"47 MySakila Drive"
89,"ALTER VICTORY",6,0.99,27.99,"47 MySakila Drive"
90,"ALTER VICTORY",6,0.99,27.99,"28 MySQL Boulevard"
91,"ALTER VICTORY",6,0.99,27.99,"28 MySQL Boulevard"
92,"ALTER VICTORY",6,0.99,27.99,"28 MySQL Boulevard"
93,"AMADEUS HOLY",6,0.99,20.99,"47 MySakila Drive"
94,"AMADEUS HOLY",6,0.99,20.99,"47 MySakila Drive"
95,"AMADEUS HOLY",6,0.99,20.99,"47 MySakila Drive"
96,"AMADEUS HOLY",6,0.99,20.99,"47 MySakila Drive"
97,"AMADEUS HOLY",6,0.99,20.99,"28 MySQL Boulevard"
98,"AMADEUS HOLY",6,0.99,20.99,"28 MySQL Boulevard"
99,"AMELIE HELLFIGHTERS",4,4.99,23.99,"47 MySakila Drive"
100,"AMELIE HELLFIGHTERS",4,4.99,23.99,"47 MySakila Drive"
101,"AMELIE HELLFIGHTERS",4,4.99,23.99,"47 MySakila Drive"
102,"AMERICAN CIRCUS",3,4.99,17.99,"47 MySakila Drive"
103,"AMERICAN CIRCUS",3,4.99,17.99,"47 MySakila Drive"
104,"AMERICAN CIRCUS",3,4.99,17.99,"28 MySQL Boulevard"
105,"AMERICAN CIRCUS",3,4.99,17.99,"28 MySQL Boulevard"
106,"AMERICAN CIRCUS",3,4.99,17.99,"28 MySQL Boulevard"
107,"AMERICAN CIRCUS",3,4.99,17.99,"28 MySQL Boulevard"
108,"AMISTAD MIDSUMMER",6,2.99,10.99,"47 MySakila Drive"
109,"AMISTAD MIDSUMMER",6,2.99,10.99,"47 MySakila Drive"
110,"AMISTAD MIDSUMMER",6,2.99,10.99,"47 MySakila Drive"
111,"AMISTAD MIDSUMMER",6,2.99,10.99,"47 MySakila Drive"
112,"AMISTAD MIDSUMMER",6,2.99,10.99,"28 MySQL Boulevard"
113,"AMISTAD MIDSUMMER",6,2.99,10.99,"28 MySQL Boulevard"
114,"AMISTAD MIDSUMMER",6,2.99,10.99,"28 MySQL Boulevard"
115,"ANACONDA CONFESSIONS",3,0.99,9.99,"47 MySakila Drive"
116,"ANACONDA CONFESSIONS",3,0.99,9.99,"47 MySakila Drive"
117,"ANACONDA CONFESSIONS",3,0.99,9.99,"47 MySakila Drive"
118,"ANACONDA CONFESSIONS",3,0.99,9.99,"28 MySQL Boulevard"
119,"ANACONDA CONFESSIONS",3,0.99,9.99,"28 MySQL Boulevard"
120,"ANALYZE HOOSIERS",6,2.99,19.99,"47 MySakila Drive"
121,"ANALYZE HOOSIERS",6,2.99,19.99,"47 MySakila Drive"
122,"ANALYZE HOOSIERS",6,2.99,19.99,"47 MySakila Drive"
123,"ANALYZE HOOSIERS",6,2.99,19.99,"47 MySakila Drive"
124,"ANGELS LIFE",3,2.99,15.99,"47 MySakila Drive"
125,"ANGELS LIFE",3,2.99,15.99,"47 MySakila Drive"
126,"ANGELS LIFE",3,2.99,15.99,"47 MySakila Drive"
127,"ANGELS LIFE",3,2.99,15.99,"47 MySakila Drive"
128,"ANGELS LIFE",3,2.99,15.99,"28 MySQL Boulevard"
129,"ANGELS LIFE",3,2.99,15.99,"28 MySQL Boulevard"
130,"ANNIE IDENTITY",3,0.99,15.99,"47 MySakila Drive"
131,"ANNIE IDENTITY",3,0.99,15.99,"47 MySakila Drive"
132,"ANNIE IDENTITY",3,0.99,15.99,"28 MySQL Boulevard"
133,"ANNIE IDENTITY",3,0.99,15.99,"28 MySQL Boulevard"
134,"ANNIE IDENTITY",3,0.99,15.99,"28 MySQL Boulevard"
135,"ANONYMOUS HUMAN",7,0.99,12.99,"47 MySakila Drive"
136,"ANONYMOUS HUMAN",7,0.99,12.99,"47 MySakila Drive"
137,"ANONYMOUS HUMAN",7,0.99,12.99,"47 MySakila Drive"
138,"ANONYMOUS HUMAN",7,0.99,12.99,"47 MySakila Drive"
139,"ANTHEM LUKE",5,4.99,16.99,"47 MySakila Drive"
140,"ANTHEM LUKE",5,4.99,16.99,"47 MySakila Drive"
141,"ANTHEM LUKE",5,4.99,16.99,"47 MySakila Drive"
142,"ANTITRUST TOMATOES",5,2.99,11.99,"47 MySakila Drive"
143,"ANTITRUST TOMATOES",5,2.99,11.99,"47 MySakila Drive"
144,"ANYTHING SAVANNAH",4,2.99,27.99,"47 MySakila Drive"
145,"ANYTHING SAVANNAH",4,2.99,27.99,"47 MySakila Drive"
146,"APACHE DIVINE",5,4.99,16.99,"47 MySakila Drive"
147,"APACHE DIVINE",5,4.99,16.99,"47 MySakila Drive"
148,"APACHE DIVINE",5,4.99,16.99,"47 MySakila Drive"
149,"APACHE DIVINE",5,4.99,16.99,"47 MySakila Drive"
150,"APACHE DIVINE",5,4.99,16.99,"28 MySQL Boulevard"
151,"APACHE DIVINE",5,4.99,16.99,"28 MySQL Boulevard"
152,"APACHE DIVINE",5,4.99,16.99,"28 MySQL Boulevard"
153,"APACHE DIVINE",5,4.99,16.99,"28 MySQL Boulevard"
154,"APOCALYPSE FLAMINGOS",6,4.99,11.99,"28 MySQL Boulevard"
155,"APOCALYPSE FLAMINGOS",6,4.99,11.99,"28 MySQL Boulevard"
156,"ARABIA DOGMA",6,0.99,29.99,"28 MySQL Boulevard"
157,"ARABIA DOGMA",6,0.99,29.99,"28 MySQL Boulevard"
158,"ARABIA DOGMA",6,0.99,29.99,"28 MySQL Boulevard"
159,"ARABIA DOGMA",6,0.99,29.99,"28 MySQL Boulevard"
160,"ARACHNOPHOBIA ROLLERCOASTER",4,2.99,24.99,"47 MySakila Drive"
161,"ARACHNOPHOBIA ROLLERCOASTER",4,2.99,24.99,"47 MySakila Drive"
162,"ARACHNOPHOBIA ROLLERCOASTER",4,2.99,24.99,"47 MySakila Drive"
163,"ARACHNOPHOBIA ROLLERCOASTER",4,2.99,24.99,"47 MySakila Drive"
164,"ARACHNOPHOBIA ROLLERCOASTER",4,2.99,24.99,"28 MySQL Boulevard"
165,"ARACHNOPHOBIA ROLLERCOASTER",4,2.99,24.99,"28 MySQL Boulevard"
166,"ARACHNOPHOBIA ROLLERCOASTER",4,2.99,24.99,"28 MySQL Boulevard"
167,"ARIZONA BANG",3,2.99,28.99,"47 MySakila Drive"
168,"ARIZONA BANG",3,2.99,28.99,"47 MySakila Drive"
169,"ARIZONA BANG",3,2.99,28.99,"47 MySakila Drive"
170,"ARIZONA BANG",3,2.99,28.99,"47 MySakila Drive"
171,"ARIZONA BANG",3,2.99,28.99,"28 MySQL Boulevard"
172,"ARIZONA BANG",3,2.99,28.99,"28 MySQL Boulevard"
173,"ARIZONA BANG",3,2.99,28.99,"28 MySQL Boulevard"
174,"ARMAGEDDON LOST",5,0.99,10.99,"47 MySakila Drive"
175,"ARMAGEDDON LOST",5,0.99,10.99,"47 MySakila Drive"
176,"ARMAGEDDON LOST",5,0.99,10.99,"47 MySakila Drive"
177,"ARMAGEDDON LOST",5,0.99,10.99,"28 MySQL Boulevard"
178,"ARMAGEDDON LOST",5,0.99,10.99,"28 MySQL Boulevard"
179,"ARMAGEDDON LOST",5,0.99,10.99,"28 MySQL Boulevard"
180,"ARMAGEDDON LOST",5,0.99,10.99,"28 MySQL Boulevard"
181,"ARMY FLINTSTONES",4,0.99,22.99,"28 MySQL Boulevard"
182,"ARMY FLINTSTONES",4,0.99,22.99,"28 MySQL Boulevard"
183,"ARMY FLINTSTONES",4,0.99,22.99,"28 MySQL Boulevard"
184,"ARMY FLINTSTONES",4,0.99,22.99,"28 MySQL Boulevard"
185,"ARTIST COLDBLOODED",5,2.99,10.99,"28 MySQL Boulevard"
186,"ARTIST COLDBLOODED",5,2.99,10.99,"28 MySQL Boulevard"
187,"ARTIST COLDBLOODED",5,2.99,10.99,"28 MySQL Boulevard"
188,"ARTIST COLDBLOODED",5,2.99,10.99,"28 MySQL Boulevard"
189,"ATLANTIS CAUSE",6,2.99,15.99,"47 MySakila Drive"
190,"ATLANTIS CAUSE",6,2.99,15.99,"47 MySakila Drive"
191,"ATLANTIS CAUSE",6,2.99,15.99,"47 MySakila Drive"
192,"ATLANTIS CAUSE",6,2.99,15.99,"28 MySQL Boulevard"
193,"ATLANTIS CAUSE",6,2.99,15.99,"28 MySQL Boulevard"
194,"ATLANTIS CAUSE",6,2.99,15.99,"28 MySQL Boulevard"
195,"ATLANTIS CAUSE",6,2.99,15.99,"28 MySQL Boulevard"
196,"ATTACKS HATE",5,4.99,21.99,"47 MySakila Drive"
197,"ATTACKS HATE",5,4.99,21.99,"47 MySakila Drive"
198,"ATTACKS HATE",5,4.99,21.99,"28 MySQL Boulevard"
199,"ATTACKS HATE",5,4.99,21.99,"28 MySQL Boulevard"
200,"ATTACKS HATE",5,4.99,21.99,"28 MySQL Boulevard"
201,"ATTRACTION NEWTON",5,4.99,14.99,"47 MySakila Drive"
202,"ATTRACTION NEWTON",5,4.99,14.99,"47 MySakila Drive"
203,"ATTRACTION NEWTON",5,4.99,14.99,"47 MySakila Drive"
204,"ATTRACTION NEWTON",5,4.99,14.99,"47 MySakila Drive"
205,"ATTRACTION NEWTON",5,4.99,14.99,"28 MySQL Boulevard"
206,"ATTRACTION NEWTON",5,4.99,14.99,"28 MySQL Boulevard"
207,"AUTUMN CROW",3,4.99,13.99,"28 MySQL Boulevard"
208,"AUTUMN CROW",3,4.99,13.99,"28 MySQL Boulevard"
209,"AUTUMN CROW",3,4.99,13.99,"28 MySQL Boulevard"
210,"BABY HALL",5,4.99,23.99,"28 MySQL Boulevard"
211,"BABY HALL",5,4.99,23.99,"28 MySQL Boulevard"
212,"BACKLASH UNDEFEATED",3,4.99,24.99,"47 MySakila Drive"
213,"BACKLASH UNDEFEATED",3,4.99,24.99,"47 MySakila Drive"
214,"BACKLASH UNDEFEATED",3,4.99,24.99,"28 MySQL Boulevard"
215,"BACKLASH UNDEFEATED",3,4.99,24.99,"28 MySQL Boulevard"
216,"BADMAN DAWN",6,2.99,22.99,"47 MySakila Drive"
217,"BADMAN DAWN",6,2.99,22.99,"47 MySakila Drive"
218,"BADMAN DAWN",6,2.99,22.99,"47 MySakila Drive"
219,"BADMAN DAWN",6,2.99,22.99,"28 MySQL Boulevard"
220,"BADMAN DAWN",6,2.99,22.99,"28 MySQL Boulevard"
221,"BADMAN DAWN",6,2.99,22.99,"28 MySQL Boulevard"
222,"BAKED CLEOPATRA",3,2.99,20.99,"47 MySakila Drive"
223,"BAKED CLEOPATRA",3,2.99,20.99,"47 MySakila Drive"
224,"BAKED CLEOPATRA",3,2.99,20.99,"47 MySakila Drive"
225,"BAKED CLEOPATRA",3,2.99,20.99,"28 MySQL Boulevard"
226,"BAKED CLEOPATRA",3,2.99,20.99,"28 MySQL Boulevard"
227,"BALLOON HOMEWARD",5,2.99,10.99,"47 MySakila Drive"
228,"BALLOON HOMEWARD",5,2.99,10.99,"47 MySakila Drive"
229,"BALLOON HOMEWARD",5,2.99,10.99,"28 MySQL Boulevard"
230,"BALLOON HOMEWARD",5,2.99,10.99,"28 MySQL Boulevard"
231,"BALLOON HOMEWARD",5,2.99,10.99,"28 MySQL Boulevard"
232,"BALLOON HOMEWARD",5,2.99,10.99,"28 MySQL Boulevard"
233,"BALLROOM MOCKINGBIRD",6,0.99,29.99,"28 MySQL Boulevard"
234,"BALLROOM MOCKINGBIRD",6,0.99,29.99,"28 MySQL Boulevard"
235,"BANG KWAI",5,2.99,25.99,"47 MySakila Drive"
236,"BANG KWAI",5,2.99,25.99,"47 MySakila Drive"
237,"BANGER PINOCCHIO",5,0.99,15.99,"47 MySakila Drive"
238,"BANGER PINOCCHIO",5,0.99,15.99,"47 MySakila Drive"
239,"BANGER PINOCCHIO",5,0.99,15.99,"47 MySakila Drive"
240,"BANGER PINOCCHIO",5,0.99,15.99,"28 MySQL Boulevard"
241,"BANGER PINOCCHIO",5,0.99,15.99,"28 MySQL Boulevard"
242,"BARBARELLA STREETCAR",6,2.99,27.99,"47 MySakila Drive"
243,"BARBARELLA STREETCAR",6,2.99,27.99,"47 MySakila Drive"
244,"BARBARELLA STREETCAR",6,2.99,27.99,"47 MySakila Drive"
245,"BARBARELLA STREETCAR",6,2.99,27.99,"47 MySakila Drive"
246,"BARBARELLA STREETCAR",6,2.99,27.99,"28 MySQL Boulevard"
247,"BARBARELLA STREETCAR",6,2.99,27.99,"28 MySQL Boulevard"
248,"BAREFOOT MANCHURIAN",6,2.99,15.99,"47 MySakila Drive"
249,"BAREFOOT MANCHURIAN",6,2.99,15.99,"47 MySakila Drive"
250,"BAREFOOT MANCHURIAN",6,2.99,15.99,"47 MySakila Drive"
251,"BAREFOOT MANCHURIAN",6,2.99,15.99,"28 MySQL Boulevard"
252,"BAREFOOT MANCHURIAN",6,2.99,15.99,"28 MySQL Boulevard"
253,"BASIC EASY",4,2.99,18.99,"47 MySakila Drive"
254,"BASIC EASY",4,2.99,18.99,"47 MySakila Drive"
255,"BASIC EASY",4,2.99,18.99,"47 MySakila Drive"
256,"BASIC EASY",4,2.99,18.99,"47 MySakila Drive"
257,"BASIC EASY",4,2.99,18.99,"28 MySQL Boulevard"
258,"BASIC EASY",4,2.99,18.99,"28 MySQL Boulevard"
259,"BASIC EASY",4,2.99,18.99,"28 MySQL Boulevard"
260,"BEACH HEARTBREAKERS",6,2.99,16.99,"28 MySQL Boulevard"
261,"BEACH HEARTBREAKERS",6,2.99,16.99,"28 MySQL Boulevard"
262,"BEACH HEARTBREAKERS",6,2.99,16.99,"28 MySQL Boulevard"
263,"BEACH HEARTBREAKERS",6,2.99,16.99,"28 MySQL Boulevard"
264,"BEAR GRACELAND",4,2.99,20.99,"47 MySakila Drive"
265,"BEAR GRACELAND",4,2.99,20.99,"47 MySakila Drive"
266,"BEAR GRACELAND",4,2.99,20.99,"47 MySakila Drive"
267,"BEAR GRACELAND",4,2.99,20.99,"28 MySQL Boulevard"
268,"BEAR GRACELAND",4,2.99,20.99,"28 MySQL Boulevard"
269,"BEAST HUNCHBACK",3,4.99,22.99,"47 MySakila Drive"
270,"BEAST HUNCHBACK",3,4.99,22.99,"47 MySakila Drive"
271,"BEAST HUNCHBACK",3,4.99,22.99,"47 MySakila Drive"
272,"BEAUTY GREASE",5,4.99,28.99,"47 MySakila Drive"
273,"BEAUTY GREASE",5,4.99,28.99,"47 MySakila Drive"
274,"BEAUTY GREASE",5,4.99,28.99,"47 MySakila Drive"
275,"BEAUTY GREASE",5,4.99,28.99,"47 MySakila Drive"
276,"BEAUTY GREASE",5,4.99,28.99,"28 MySQL Boulevard"
277,"BEAUTY GREASE",5,4.99,28.99,"28 MySQL Boulevard"
278,"BED HIGHBALL",5,2.99,23.99,"28 MySQL Boulevard"
279,"BED HIGHBALL",5,2.99,23.99,"28 MySQL Boulevard"
280,"BEDAZZLED MARRIED",6,0.99,21.99,"47 MySakila Drive"
281,"BEDAZZLED MARRIED",6,0.99,21.99,"47 MySakila Drive"
282,"BEDAZZLED MARRIED",6,0.99,21.99,"28 MySQL Boulevard"
283,"BEDAZZLED MARRIED",6,0.99,21.99,"28 MySQL Boulevard"
284,"BEETHOVEN EXORCIST",6,0.99,26.99,"28 MySQL Boulevard"
285,"BEETHOVEN EXORCIST",6,0.99,26.99,"28 MySQL Boulevard"
286,"BEETHOVEN EXORCIST",6,0.99,26.99,"28 MySQL Boulevard"
287,"BEHAVIOR RUNAWAY",3,4.99,20.99,"28 MySQL Boulevard"
288,"BEHAVIOR RUNAWAY",3,4.99,20.99,"28 MySQL Boulevard"
289,"BEHAVIOR RUNAWAY",3,4.99,20.99,"28 MySQL Boulevard"
290,"BEHAVIOR RUNAWAY",3,4.99,20.99,"28 MySQL Boulevard"
291,"BENEATH RUSH",6,0.99,27.99,"47 MySakila Drive"
292,"BENEATH RUSH",6,0.99,27.99,"47 MySakila Drive"
293,"BENEATH RUSH",6,0.99,27.99,"47 MySakila Drive"
294,"BERETS AGENT",5,2.99,24.99,"47 MySakila Drive"
295,"BERETS AGENT",5,2.99,24.99,"47 MySakila Drive"
296,"BERETS AGENT",5,2.99,24.99,"28 MySQL Boulevard"
297,"BERETS AGENT",5,2.99,24.99,"28 MySQL Boulevard"
298,"BERETS AGENT",5,2.99,24.99,"28 MySQL Boulevard"
299,"BERETS AGENT",5,2.99,24.99,"28 MySQL Boulevard"
300,"BETRAYED REAR",5,4.99,26.99,"47 MySakila Drive"
301,"BETRAYED REAR",5,4.99,26.99,"47 MySakila Drive"
302,"BETRAYED REAR",5,4.99,26.99,"28 MySQL Boulevard"
303,"BETRAYED REAR",5,4.99,26.99,"28 MySQL Boulevard"
304,"BEVERLY OUTLAW",3,2.99,21.99,"47 MySakila Drive"
305,"BEVERLY OUTLAW",3,2.99,21.99,"47 MySakila Drive"
306,"BEVERLY OUTLAW",3,2.99,21.99,"47 MySakila Drive"
307,"BEVERLY OUTLAW",3,2.99,21.99,"47 MySakila Drive"
308,"BEVERLY OUTLAW",3,2.99,21.99,"28 MySQL Boulevard"
309,"BEVERLY OUTLAW",3,2.99,21.99,"28 MySQL Boulevard"
310,"BEVERLY OUTLAW",3,2.99,21.99,"28 MySQL Boulevard"
311,"BEVERLY OUTLAW",3,2.99,21.99,"28 MySQL Boulevard"
312,"BIKINI BORROWERS",7,4.99,26.99,"47 MySakila Drive"
313,"BIKINI BORROWERS",7,4.99,26.99,"47 MySakila Drive"
314,"BIKINI BORROWERS",7,4.99,26.99,"28 MySQL Boulevard"
315,"BIKINI BORROWERS",7,4.99,26.99,"28 MySQL Boulevard"
316,"BILKO ANONYMOUS",3,4.99,25.99,"28 MySQL Boulevard"
317,"BILKO ANONYMOUS",3,4.99,25.99,"28 MySQL Boulevard"
318,"BILKO ANONYMOUS",3,4.99,25.99,"28 MySQL Boulevard"
319,"BILKO ANONYMOUS",3,4.99,25.99,"28 MySQL Boulevard"
320,"BILL OTHERS",6,2.99,12.99,"47 MySakila Drive"
321,"BILL OTHERS",6,2.99,12.99,"47 MySakila Drive"
322,"BILL OTHERS",6,2.99,12.99,"47 MySakila Drive"
323,"BILL OTHERS",6,2.99,12.99,"47 MySakila Drive"
324,"BILL OTHERS",6,2.99,12.99,"28 MySQL Boulevard"
325,"BILL OTHERS",6,2.99,12.99,"28 MySQL Boulevard"
326,"BINGO TALENTED",5,2.99,22.99,"47 MySakila Drive"
327,"BINGO TALENTED",5,2.99,22.99,"47 MySakila Drive"
328,"BINGO TALENTED",5,2.99,22.99,"47 MySakila Drive"
329,"BINGO TALENTED",5,2.99,22.99,"47 MySakila Drive"
330,"BINGO TALENTED",5,2.99,22.99,"28 MySQL Boulevard"
331,"BINGO TALENTED",5,2.99,22.99,"28 MySQL Boulevard"
332,"BINGO TALENTED",5,2.99,22.99,"28 MySQL Boulevard"
333,"BINGO TALENTED",5,2.99,22.99,"28 MySQL Boulevard"
334,"BIRCH ANTITRUST",4,4.99,18.99,"47 MySakila Drive"
335,"BIRCH ANTITRUST",4,4.99,18.99,"47 MySakila Drive"
336,"BIRCH ANTITRUST",4,4.99,18.99,"47 MySakila Drive"
337,"BIRCH ANTITRUST",4,4.99,18.99,"28 MySQL Boulevard"
338,"BIRCH ANTITRUST",4,4.99,18.99,"28 MySQL Boulevard"
339,"BIRD INDEPENDENCE",6,4.99,14.99,"28 MySQL Boulevard"
340,"BIRD INDEPENDENCE",6,4.99,14.99,"28 MySQL Boulevard"
341,"BIRD INDEPENDENCE",6,4.99,14.99,"28 MySQL Boulevard"
342,"BIRDCAGE CASPER",4,0.99,23.99,"47 MySakila Drive"
343,"BIRDCAGE CASPER",4,0.99,23.99,"47 MySakila Drive"
344,"BIRDCAGE CASPER",4,0.99,23.99,"47 MySakila Drive"
345,"BIRDS PERDITION",5,4.99,15.99,"47 MySakila Drive"
346,"BIRDS PERDITION",5,4.99,15.99,"47 MySakila Drive"
347,"BIRDS PERDITION",5,4.99,15.99,"47 MySakila Drive"
348,"BIRDS PERDITION",5,4.99,15.99,"47 MySakila Drive"
349,"BIRDS PERDITION",5,4.99,15.99,"28 MySQL Boulevard"
350,"BIRDS PERDITION",5,4.99,15.99,"28 MySQL Boulevard"
351,"BLACKOUT PRIVATE",7,2.99,12.99,"47 MySakila Drive"
352,"BLACKOUT PRIVATE",7,2.99,12.99,"47 MySakila Drive"
353,"BLACKOUT PRIVATE",7,2.99,12.99,"47 MySakila Drive"
354,"BLACKOUT PRIVATE",7,2.99,12.99,"28 MySQL Boulevard"
355,"BLACKOUT PRIVATE",7,2.99,12.99,"28 MySQL Boulevard"
356,"BLACKOUT PRIVATE",7,2.99,12.99,"28 MySQL Boulevard"
357,"BLACKOUT PRIVATE",7,2.99,12.99,"28 MySQL Boulevard"
358,"BLADE POLISH",5,0.99,10.99,"47 MySakila Drive"
359,"BLADE POLISH",5,0.99,10.99,"47 MySakila Drive"
360,"BLADE POLISH",5,0.99,10.99,"47 MySakila Drive"
361,"BLADE POLISH",5,0.99,10.99,"28 MySQL Boulevard"
362,"BLADE POLISH",5,0.99,10.99,"28 MySQL Boulevard"
363,"BLADE POLISH",5,0.99,10.99,"28 MySQL Boulevard"
364,"BLANKET BEVERLY",7,2.99,21.99,"47 MySakila Drive"
365,"BLANKET BEVERLY",7,2.99,21.99,"47 MySakila Drive"
366,"BLANKET BEVERLY",7,2.99,21.99,"47 MySakila Drive"
367,"BLANKET BEVERLY",7,2.99,21.99,"47 MySakila Drive"
368,"BLINDNESS GUN",6,4.99,29.99,"47 MySakila Drive"
369,"BLINDNESS GUN",6,4.99,29.99,"47 MySakila Drive"
370,"BLINDNESS GUN",6,4.99,29.99,"47 MySakila Drive"
371,"BLINDNESS GUN",6,4.99,29.99,"47 MySakila Drive"
372,"BLOOD ARGONAUTS",3,0.99,13.99,"47 MySakila Drive"
373,"BLOOD ARGONAUTS",3,0.99,13.99,"47 MySakila Drive"
374,"BLUES INSTINCT",5,2.99,18.99,"47 MySakila Drive"
375,"BLUES INSTINCT",5,2.99,18.99,"47 MySakila Drive"
376,"BLUES INSTINCT",5,2.99,18.99,"47 MySakila Drive"
377,"BLUES INSTINCT",5,2.99,18.99,"28 MySQL Boulevard"
378,"BLUES INSTINCT",5,2.99,18.99,"28 MySQL Boulevard"
379,"BOILED DARES",7,4.99,13.99,"47 MySakila Drive"
380,"BOILED DARES",7,4.99,13.99,"47 MySakila Drive"
381,"BOILED DARES",7,4.99,13.99,"47 MySakila Drive"
382,"BOILED DARES",7,4.99,13.99,"47 MySakila Drive"
383,"BONNIE HOLOCAUST",4,0.99,29.99,"28 MySQL Boulevard"
384,"BONNIE HOLOCAUST",4,0.99,29.99,"28 MySQL Boulevard"
385,"BONNIE HOLOCAUST",4,0.99,29.99,"28 MySQL Boulevard"
386,"BONNIE HOLOCAUST",4,0.99,29.99,"28 MySQL Boulevard"
387,"BOOGIE AMELIE",6,4.99,11.99,"47 MySakila Drive"
388,"BOOGIE AMELIE",6,4.99,11.99,"47 MySakila Drive"
389,"BOOGIE AMELIE",6,4.99,11.99,"47 MySakila Drive"
390,"BOOGIE AMELIE",6,4.99,11.99,"47 MySakila Drive"
391,"BOOGIE AMELIE",6,4.99,11.99,"28 MySQL Boulevard"
392,"BOOGIE AMELIE",6,4.99,11.99,"28 MySQL Boulevard"
393,"BOOGIE AMELIE",6,4.99,11.99,"28 MySQL Boulevard"
394,"BOOGIE AMELIE",6,4.99,11.99,"28 MySQL Boulevard"
395,"BORN SPINAL",7,4.99,17.99,"28 MySQL Boulevard"
396,"BORN SPINAL",7,4.99,17.99,"28 MySQL Boulevard"
397,"BORN SPINAL",7,4.99,17.99,"28 MySQL Boulevard"
398,"BORN SPINAL",7,4.99,17.99,"28 MySQL Boulevard"
399,"BORROWERS BEDAZZLED",7,0.99,22.99,"47 MySakila Drive"
400,"BORROWERS BEDAZZLED",7,0.99,22.99,"47 MySakila Drive"
401,"BORROWERS BEDAZZLED",7,0.99,22.99,"47 MySakila Drive"
402,"BORROWERS BEDAZZLED",7,0.99,22.99,"28 MySQL Boulevard"
403,"BORROWERS BEDAZZLED",7,0.99,22.99,"28 MySQL Boulevard"
404,"BORROWERS BEDAZZLED",7,0.99,22.99,"28 MySQL Boulevard"
405,"BOULEVARD MOB",3,0.99,11.99,"47 MySakila Drive"
406,"BOULEVARD MOB",3,0.99,11.99,"47 MySakila Drive"
407,"BOULEVARD MOB",3,0.99,11.99,"47 MySakila Drive"
408,"BOULEVARD MOB",3,0.99,11.99,"28 MySQL Boulevard"
409,"BOULEVARD MOB",3,0.99,11.99,"28 MySQL Boulevard"
410,"BOULEVARD MOB",3,0.99,11.99,"28 MySQL Boulevard"
411,"BOUND CHEAPER",5,0.99,17.99,"47 MySakila Drive"
412,"BOUND CHEAPER",5,0.99,17.99,"47 MySakila Drive"
413,"BOUND CHEAPER",5,0.99,17.99,"47 MySakila Drive"
414,"BOUND CHEAPER",5,0.99,17.99,"47 MySakila Drive"
415,"BOUND CHEAPER",5,0.99,17.99,"28 MySQL Boulevard"
416,"BOUND CHEAPER",5,0.99,17.99,"28 MySQL Boulevard"
417,"BOUND CHEAPER",5,0.99,17.99,"28 MySQL Boulevard"
418,"BOUND CHEAPER",5,0.99,17.99,"28 MySQL Boulevard"
419,"BOWFINGER GABLES",7,4.99,19.99,"47 MySakila Drive"
420,"BOWFINGER GABLES",7,4.99,19.99,"47 MySakila Drive"
421,"BOWFINGER GABLES",7,4.99,19.99,"28 MySQL Boulevard"
422,"BOWFINGER GABLES",7,4.99,19.99,"28 MySQL Boulevard"
423,"BRANNIGAN SUNRISE",4,4.99,27.99,"28 MySQL Boulevard"
424,"BRANNIGAN SUNRISE",4,4.99,27.99,"28 MySQL Boulevard"
425,"BRANNIGAN SUNRISE",4,4.99,27.99,"28 MySQL Boulevard"
426,"BRAVEHEART HUMAN",7,2.99,14.99,"47 MySakila Drive"
427,"BRAVEHEART HUMAN",7,2.99,14.99,"47 MySakila Drive"
428,"BREAKFAST GOLDFINGER",5,4.99,18.99,"47 MySakila Drive"
429,"BREAKFAST GOLDFINGER",5,4.99,18.99,"47 MySakila Drive"
430,"BREAKFAST GOLDFINGER",5,4.99,18.99,"28 MySQL Boulevard"
431,"BREAKFAST GOLDFINGER",5,4.99,18.99,"28 MySQL Boulevard"
432,"BREAKFAST GOLDFINGER",5,4.99,18.99,"28 MySQL Boulevard"
433,"BREAKING HOME",4,2.99,21.99,"47 MySakila Drive"
434,"BREAKING HOME",4,2.99,21.99,"47 MySakila Drive"
435,"BREAKING HOME",4,2.99,21.99,"47 MySakila Drive"
436,"BRIDE INTRIGUE",7,0.99,24.99,"47 MySakila Drive"
437,"BRIDE INTRIGUE",7,0.99,24.99,"47 MySakila Drive"
438,"BRIDE INTRIGUE",7,0.99,24.99,"47 MySakila Drive"
439,"BRIDE INTRIGUE",7,0.99,24.99,"47 MySakila Drive"
440,"BRIDE INTRIGUE",7,0.99,24.99,"28 MySQL Boulevard"
441,"BRIDE INTRIGUE",7,0.99,24.99,"28 MySQL Boulevard"
442,"BRIGHT ENCOUNTERS",4,4.99,12.99,"47 MySakila Drive"
443,"BRIGHT ENCOUNTERS",4,4.99,12.99,"47 MySakila Drive"
444,"BRIGHT ENCOUNTERS",4,4.99,12.99,"47 MySakila Drive"
445,"BRINGING HYSTERICAL",7,2.99,14.99,"47 MySakila Drive"
446,"BRINGING HYSTERICAL",7,2.99,14.99,"47 MySakila Drive"
447,"BRINGING HYSTERICAL",7,2.99,14.99,"47 MySakila Drive"
448,"BRINGING HYSTERICAL",7,2.99,14.99,"28 MySQL Boulevard"
449,"BRINGING HYSTERICAL",7,2.99,14.99,"28 MySQL Boulevard"
450,"BRINGING HYSTERICAL",7,2.99,14.99,"28 MySQL Boulevard"
451,"BROOKLYN DESERT",7,4.99,21.99,"47 MySakila Drive"
452,"BROOKLYN DESERT",7,4.99,21.99,"47 MySakila Drive"
453,"BROOKLYN DESERT",7,4.99,21.99,"47 MySakila Drive"
454,"BROOKLYN DESERT",7,4.99,21.99,"47 MySakila Drive"
455,"BROOKLYN DESERT",7,4.99,21.99,"28 MySQL Boulevard"
456,"BROOKLYN DESERT",7,4.99,21.99,"28 MySQL Boulevard"
457,"BROTHERHOOD BLANKET",3,0.99,26.99,"47 MySakila Drive"
458,"BROTHERHOOD BLANKET",3,0.99,26.99,"47 MySakila Drive"
459,"BROTHERHOOD BLANKET",3,0.99,26.99,"47 MySakila Drive"
460,"BROTHERHOOD BLANKET",3,0.99,26.99,"47 MySakila Drive"
461,"BROTHERHOOD BLANKET",3,0.99,26.99,"28 MySQL Boulevard"
462,"BROTHERHOOD BLANKET",3,0.99,26.99,"28 MySQL Boulevard"
463,"BUBBLE GROSSE",4,4.99,20.99,"28 MySQL Boulevard"
464,"BUBBLE GROSSE",4,4.99,20.99,"28 MySQL Boulevard"
465,"BUCKET BROTHERHOOD",7,4.99,27.99,"47 MySakila Drive"
466,"BUCKET BROTHERHOOD",7,4.99,27.99,"47 MySakila Drive"
467,"BUCKET BROTHERHOOD",7,4.99,27.99,"47 MySakila Drive"
468,"BUCKET BROTHERHOOD",7,4.99,27.99,"47 MySakila Drive"
469,"BUCKET BROTHERHOOD",7,4.99,27.99,"28 MySQL Boulevard"
470,"BUCKET BROTHERHOOD",7,4.99,27.99,"28 MySQL Boulevard"
471,"BUCKET BROTHERHOOD",7,4.99,27.99,"28 MySQL Boulevard"
472,"BUCKET BROTHERHOOD",7,4.99,27.99,"28 MySQL Boulevard"
473,"BUGSY SONG",4,2.99,17.99,"28 MySQL Boulevard"
474,"BUGSY SONG",4,2.99,17.99,"28 MySQL Boulevard"
475,"BUGSY SONG",4,2.99,17.99,"28 MySQL Boulevard"
476,"BULL SHAWSHANK",6,0.99,21.99,"47 MySakila Drive"
477,"BULL SHAWSHANK",6,0.99,21.99,"47 MySakila Drive"
478,"BULL SHAWSHANK",6,0.99,21.99,"28 MySQL Boulevard"
479,"BULL SHAWSHANK",6,0.99,21.99,"28 MySQL Boulevard"
480,"BULL SHAWSHANK",6,0.99,21.99,"28 MySQL Boulevard"
481,"BULWORTH COMMANDMENTS",4,2.99,14.99,"47 MySakila Drive"
482,"BULWORTH COMMANDMENTS",4,2.99,14.99,"47 MySakila Drive"
483,"BUNCH MINDS",4,2.99,13.99,"28 MySQL Boulevard"
484,"BUNCH MINDS",4,2.99,13.99,"28 MySQL Boulevard"
485,"BUTTERFLY CHOCOLAT",3,0.99,17.99,"47 MySakila Drive"
486,"BUTTERFLY CHOCOLAT",3,0.99,17.99,"47 MySakila Drive"
487,"BUTTERFLY CHOCOLAT",3,0.99,17.99,"47 MySakila Drive"
488,"BUTTERFLY CHOCOLAT",3,0.99,17.99,"47 MySakila Drive"
489,"BUTTERFLY CHOCOLAT",3,0.99,17.99,"28 MySQL Boulevard"
490,"BUTTERFLY CHOCOLAT",3,0.99,17.99,"28 MySQL Boulevard"
491,"BUTTERFLY CHOCOLAT",3,0.99,17.99,"28 MySQL Boulevard"
492,"BUTTERFLY CHOCOLAT",3,0.99,17.99,"28 MySQL Boulevard"
493,"CABIN FLASH",4,0.99,25.99,"47 MySakila Drive"
494,"CABIN FLASH",4,0.99,25.99,"47 MySakila Drive"
495,"CABIN FLASH",4,0.99,25.99,"47 MySakila Drive"
496,"CABIN FLASH",4,0.99,25.99,"47 MySakila Drive"
497,"CADDYSHACK JEDI",3,0.99,17.99,"28 MySQL Boulevard"
498,"CADDYSHACK JEDI",3,0.99,17.99,"28 MySQL Boulevard"
499,"CADDYSHACK JEDI",3,0.99,17.99,"28 MySQL Boulevard"
500,"CADDYSHACK JEDI",3,0.99,17.99,"28 MySQL Boulevard"
501,"CALENDAR GUNFIGHT",4,4.99,22.99,"47 MySakila Drive"
502,"CALENDAR GUNFIGHT",4,4.99,22.99,"47 MySakila Drive"
503,"CALENDAR GUNFIGHT",4,4.99,22.99,"47 MySakila Drive"
504,"CALENDAR GUNFIGHT",4,4.99,22.99,"47 MySakila Drive"
505,"CALENDAR GUNFIGHT",4,4.99,22.99,"28 MySQL Boulevard"
506,"CALENDAR GUNFIGHT",4,4.99,22.99,"28 MySQL Boulevard"
507,"CALENDAR GUNFIGHT",4,4.99,22.99,"28 MySQL Boulevard"
508,"CALIFORNIA BIRDS",4,4.99,19.99,"28 MySQL Boulevard"
509,"CALIFORNIA BIRDS",4,4.99,19.99,"28 MySQL Boulevard"
510,"CALIFORNIA BIRDS",4,4.99,19.99,"28 MySQL Boulevard"
511,"CALIFORNIA BIRDS",4,4.99,19.99,"28 MySQL Boulevard"
512,"CAMELOT VACATION",3,0.99,26.99,"47 MySakila Drive"
513,"CAMELOT VACATION",3,0.99,26.99,"47 MySakila Drive"
514,"CAMELOT VACATION",3,0.99,26.99,"47 MySakila Drive"
515,"CAMELOT VACATION",3,0.99,26.99,"47 MySakila Drive"
516,"CAMELOT VACATION",3,0.99,26.99,"28 MySQL Boulevard"
517,"CAMELOT VACATION",3,0.99,26.99,"28 MySQL Boulevard"
518,"CAMELOT VACATION",3,0.99,26.99,"28 MySQL Boulevard"
519,"CAMPUS REMEMBER",5,2.99,27.99,"47 MySakila Drive"
520,"CAMPUS REMEMBER",5,2.99,27.99,"47 MySakila Drive"
521,"CAMPUS REMEMBER",5,2.99,27.99,"47 MySakila Drive"
522,"CAMPUS REMEMBER",5,2.99,27.99,"28 MySQL Boulevard"
523,"CAMPUS REMEMBER",5,2.99,27.99,"28 MySQL Boulevard"
524,"CAMPUS REMEMBER",5,2.99,27.99,"28 MySQL Boulevard"
525,"CAMPUS REMEMBER",5,2.99,27.99,"28 MySQL Boulevard"
526,"CANDIDATE PERDITION",4,2.99,10.99,"47 MySakila Drive"
527,"CANDIDATE PERDITION",4,2.99,10.99,"47 MySakila Drive"
528,"CANDIDATE PERDITION",4,2.99,10.99,"28 MySQL Boulevard"
529,"CANDIDATE PERDITION",4,2.99,10.99,"28 MySQL Boulevard"
530,"CANDIDATE PERDITION",4,2.99,10.99,"28 MySQL Boulevard"
531,"CANDIDATE PERDITION",4,2.99,10.99,"28 MySQL Boulevard"
532,"CANDLES GRAPES",6,4.99,15.99,"47 MySakila Drive"
533,"CANDLES GRAPES",6,4.99,15.99,"47 MySakila Drive"
534,"CANDLES GRAPES",6,4.99,15.99,"47 MySakila Drive"
535,"CANDLES GRAPES",6,4.99,15.99,"47 MySakila Drive"
536,"CANDLES GRAPES",6,4.99,15.99,"28 MySQL Boulevard"
537,"CANDLES GRAPES",6,4.99,15.99,"28 MySQL Boulevard"
538,"CANYON STOCK",7,0.99,26.99,"47 MySakila Drive"
539,"CANYON STOCK",7,0.99,26.99,"47 MySakila Drive"
540,"CANYON STOCK",7,0.99,26.99,"47 MySakila Drive"
541,"CANYON STOCK",7,0.99,26.99,"47 MySakila Drive"
542,"CANYON STOCK",7,0.99,26.99,"28 MySQL Boulevard"
543,"CANYON STOCK",7,0.99,26.99,"28 MySQL Boulevard"
544,"CAPER MOTIONS",6,0.99,22.99,"47 MySakila Drive"
545,"CAPER MOTIONS",6,0.99,22.99,"47 MySakila Drive"
546,"CAPER MOTIONS",6,0.99,22.99,"47 MySakila Drive"
547,"CAPER MOTIONS",6,0.99,22.99,"28 MySQL Boulevard"
548,"CAPER MOTIONS",6,0.99,22.99,"28 MySQL Boulevard"
549,"CAPER MOTIONS",6,0.99,22.99,"28 MySQL Boulevard"
550,"CAPER MOTIONS",6,0.99,22.99,"28 MySQL Boulevard"
551,"CARIBBEAN LIBERTY",3,4.99,16.99,"47 MySakila Drive"
552,"CARIBBEAN LIBERTY",3,4.99,16.99,"47 MySakila Drive"
553,"CARIBBEAN LIBERTY",3,4.99,16.99,"47 MySakila Drive"
554,"CAROL TEXAS",4,2.99,15.99,"47 MySakila Drive"
555,"CAROL TEXAS",4,2.99,15.99,"47 MySakila Drive"
556,"CAROL TEXAS",4,2.99,15.99,"47 MySakila Drive"
557,"CAROL TEXAS",4,2.99,15.99,"28 MySQL Boulevard"
558,"CAROL TEXAS",4,2.99,15.99,"28 MySQL Boulevard"
559,"CAROL TEXAS",4,2.99,15.99,"28 MySQL Boulevard"
560,"CARRIE BUNCH",7,0.99,11.99,"47 MySakila Drive"
561,"CARRIE BUNCH",7,0.99,11.99,"47 MySakila Drive"
562,"CARRIE BUNCH",7,0.99,11.99,"47 MySakila Drive"
563,"CARRIE BUNCH",7,0.99,11.99,"47 MySakila Drive"
564,"CARRIE BUNCH",7,0.99,11.99,"28 MySQL Boulevard"
565,"CARRIE BUNCH",7,0.99,11.99,"28 MySQL Boulevard"
566,"CARRIE BUNCH",7,0.99,11.99,"28 MySQL Boulevard"
567,"CASABLANCA SUPER",6,4.99,22.99,"47 MySakila Drive"
568,"CASABLANCA SUPER",6,4.99,22.99,"47 MySakila Drive"
569,"CASABLANCA SUPER",6,4.99,22.99,"28 MySQL Boulevard"
570,"CASABLANCA SUPER",6,4.99,22.99,"28 MySQL Boulevard"
571,"CASABLANCA SUPER",6,4.99,22.99,"28 MySQL Boulevard"
572,"CASPER DRAGONFLY",3,4.99,16.99,"28 MySQL Boulevard"
573,"CASPER DRAGONFLY",3,4.99,16.99,"28 MySQL Boulevard"
574,"CASPER DRAGONFLY",3,4.99,16.99,"28 MySQL Boulevard"
575,"CASSIDY WYOMING",5,2.99,19.99,"28 MySQL Boulevard"
576,"CASSIDY WYOMING",5,2.99,19.99,"28 MySQL Boulevard"
577,"CASUALTIES ENCINO",3,4.99,16.99,"28 MySQL Boulevard"
578,"CASUALTIES ENCINO",3,4.99,16.99,"28 MySQL Boulevard"
579,"CASUALTIES ENCINO",3,4.99,16.99,"28 MySQL Boulevard"
580,"CAT CONEHEADS",5,4.99,14.99,"47 MySakila Drive"
581,"CAT CONEHEADS",5,4.99,14.99,"47 MySakila Drive"
582,"CAT CONEHEADS",5,4.99,14.99,"47 MySakila Drive"
583,"CAT CONEHEADS",5,4.99,14.99,"47 MySakila Drive"
584,"CAT CONEHEADS",5,4.99,14.99,"28 MySQL Boulevard"
585,"CAT CONEHEADS",5,4.99,14.99,"28 MySQL Boulevard"
586,"CAT CONEHEADS",5,4.99,14.99,"28 MySQL Boulevard"
587,"CAT CONEHEADS",5,4.99,14.99,"28 MySQL Boulevard"
588,"CAUSE DATE",3,2.99,16.99,"47 MySakila Drive"
589,"CAUSE DATE",3,2.99,16.99,"47 MySakila Drive"
590,"CAUSE DATE",3,2.99,16.99,"47 MySakila Drive"
591,"CAUSE DATE",3,2.99,16.99,"28 MySQL Boulevard"
592,"CAUSE DATE",3,2.99,16.99,"28 MySQL Boulevard"
593,"CAUSE DATE",3,2.99,16.99,"28 MySQL Boulevard"
594,"CELEBRITY HORN",7,0.99,24.99,"47 MySakila Drive"
595,"CELEBRITY HORN",7,0.99,24.99,"47 MySakila Drive"
596,"CELEBRITY HORN",7,0.99,24.99,"28 MySQL Boulevard"
597,"CELEBRITY HORN",7,0.99,24.99,"28 MySQL Boulevard"
598,"CELEBRITY HORN",7,0.99,24.99,"28 MySQL Boulevard"
599,"CELEBRITY HORN",7,0.99,24.99,"28 MySQL Boulevard"
600,"CENTER DINOSAUR",5,4.99,12.99,"47 MySakila Drive"
601,"CENTER DINOSAUR",5,4.99,12.99,"47 MySakila Drive"
602,"CENTER DINOSAUR",5,4.99,12.99,"47 MySakila Drive"
603,"CENTER DINOSAUR",5,4.99,12.99,"47 MySakila Drive"
604,"CENTER DINOSAUR",5,4.99,12.99,"28 MySQL Boulevard"
605,"CENTER DINOSAUR",5,4.99,12.99,"28 MySQL Boulevard"
606,"CHAINSAW UPTOWN",6,0.99,25.99,"47 MySakila Drive"
607,"CHAINSAW UPTOWN",6,0.99,25.99,"47 MySakila Drive"
608,"CHAINSAW UPTOWN",6,0.99,25.99,"47 MySakila Drive"
609,"CHAINSAW UPTOWN",6,0.99,25.99,"47 MySakila Drive"
610,"CHAINSAW UPTOWN",6,0.99,25.99,"28 MySQL Boulevard"
611,"CHAINSAW UPTOWN",6,0.99,25.99,"28 MySQL Boulevard"
612,"CHAMBER ITALIAN",7,4.99,14.99,"47 MySakila Drive"
613,"CHAMBER ITALIAN",7,4.99,14.99,"47 MySakila Drive"
614,"CHAMBER ITALIAN",7,4.99,14.99,"28 MySQL Boulevard"
615,"CHAMBER ITALIAN",7,4.99,14.99,"28 MySQL Boulevard"
616,"CHAMPION FLATLINERS",4,4.99,21.99,"28 MySQL Boulevard"
617,"CHAMPION FLATLINERS",4,4.99,21.99,"28 MySQL Boulevard"
618,"CHAMPION FLATLINERS",4,4.99,21.99,"28 MySQL Boulevard"
619,"CHANCE RESURRECTION",3,2.99,22.99,"47 MySakila Drive"
620,"CHANCE RESURRECTION",3,2.99,22.99,"47 MySakila Drive"
621,"CHANCE RESURRECTION",3,2.99,22.99,"47 MySakila Drive"
622,"CHANCE RESURRECTION",3,2.99,22.99,"28 MySQL Boulevard"
623,"CHANCE RESURRECTION",3,2.99,22.99,"28 MySQL Boulevard"
624,"CHANCE RESURRECTION",3,2.99,22.99,"28 MySQL Boulevard"
625,"CHANCE RESURRECTION",3,2.99,22.99,"28 MySQL Boulevard"
626,"CHAPLIN LICENSE",7,2.99,26.99,"47 MySakila Drive"
627,"CHAPLIN LICENSE",7,2.99,26.99,"47 MySakila Drive"
628,"CHAPLIN LICENSE",7,2.99,26.99,"47 MySakila Drive"
629,"CHARADE DUFFEL",3,2.99,21.99,"28 MySQL Boulevard"
630,"CHARADE DUFFEL",3,2.99,21.99,"28 MySQL Boulevard"
631,"CHARADE DUFFEL",3,2.99,21.99,"28 MySQL Boulevard"
632,"CHARADE DUFFEL",3,2.99,21.99,"28 MySQL Boulevard"
633,"CHARIOTS CONSPIRACY",5,2.99,29.99,"47 MySakila Drive"
634,"CHARIOTS CONSPIRACY",5,2.99,29.99,"47 MySakila Drive"
635,"CHARIOTS CONSPIRACY",5,2.99,29.99,"28 MySQL Boulevard"
636,"CHARIOTS CONSPIRACY",5,2.99,29.99,"28 MySQL Boulevard"
637,"CHARIOTS CONSPIRACY",5,2.99,29.99,"28 MySQL Boulevard"
638,"CHASING FIGHT",7,4.99,21.99,"47 MySakila Drive"
639,"CHASING FIGHT",7,4.99,21.99,"47 MySakila Drive"
640,"CHASING FIGHT",7,4.99,21.99,"47 MySakila Drive"
641,"CHASING FIGHT",7,4.99,21.99,"47 MySakila Drive"
642,"CHASING FIGHT",7,4.99,21.99,"28 MySQL Boulevard"
643,"CHASING FIGHT",7,4.99,21.99,"28 MySQL Boulevard"
644,"CHEAPER CLYDE",6,0.99,23.99,"47 MySakila Drive"
645,"CHEAPER CLYDE",6,0.99,23.99,"47 MySakila Drive"
646,"CHEAPER CLYDE",6,0.99,23.99,"28 MySQL Boulevard"
647,"CHEAPER CLYDE",6,0.99,23.99,"28 MySQL Boulevard"
648,"CHEAPER CLYDE",6,0.99,23.99,"28 MySQL Boulevard"
649,"CHICAGO NORTH",6,4.99,11.99,"47 MySakila Drive"
650,"CHICAGO NORTH",6,4.99,11.99,"47 MySakila Drive"
651,"CHICAGO NORTH",6,4.99,11.99,"47 MySakila Drive"
652,"CHICAGO NORTH",6,4.99,11.99,"28 MySQL Boulevard"
653,"CHICAGO NORTH",6,4.99,11.99,"28 MySQL Boulevard"
654,"CHICKEN HELLFIGHTERS",3,0.99,24.99,"47 MySakila Drive"
655,"CHICKEN HELLFIGHTERS",3,0.99,24.99,"47 MySakila Drive"
656,"CHICKEN HELLFIGHTERS",3,0.99,24.99,"47 MySakila Drive"
657,"CHICKEN HELLFIGHTERS",3,0.99,24.99,"28 MySQL Boulevard"
658,"CHICKEN HELLFIGHTERS",3,0.99,24.99,"28 MySQL Boulevard"
659,"CHILL LUCK",6,0.99,17.99,"47 MySakila Drive"
660,"CHILL LUCK",6,0.99,17.99,"47 MySakila Drive"
661,"CHILL LUCK",6,0.99,17.99,"47 MySakila Drive"
662,"CHILL LUCK",6,0.99,17.99,"47 MySakila Drive"
663,"CHILL LUCK",6,0.99,17.99,"28 MySQL Boulevard"
664,"CHILL LUCK",6,0.99,17.99,"28 MySQL Boulevard"
665,"CHILL LUCK",6,0.99,17.99,"28 MySQL Boulevard"
666,"CHISUM BEHAVIOR",5,4.99,25.99,"28 MySQL Boulevard"
667,"CHISUM BEHAVIOR",5,4.99,25.99,"28 MySQL Boulevard"
668,"CHISUM BEHAVIOR",5,4.99,25.99,"28 MySQL Boulevard"
669,"CHITTY LOCK",6,2.99,24.99,"47 MySakila Drive"
670,"CHITTY LOCK",6,2.99,24.99,"47 MySakila Drive"
671,"CHITTY LOCK",6,2.99,24.99,"47 MySakila Drive"
672,"CHOCOLAT HARRY",5,0.99,16.99,"47 MySakila Drive"
673,"CHOCOLAT HARRY",5,0.99,16.99,"47 MySakila Drive"
674,"CHOCOLAT HARRY",5,0.99,16.99,"47 MySakila Drive"
675,"CHOCOLAT HARRY",5,0.99,16.99,"28 MySQL Boulevard"
676,"CHOCOLAT HARRY",5,0.99,16.99,"28 MySQL Boulevard"
677,"CHOCOLAT HARRY",5,0.99,16.99,"28 MySQL Boulevard"
678,"CHRISTMAS MOONSHINE",7,0.99,21.99,"47 MySakila Drive"
679,"CHRISTMAS MOONSHINE",7,0.99,21.99,"47 MySakila Drive"
680,"CHRISTMAS MOONSHINE",7,0.99,21.99,"47 MySakila Drive"
681,"CHRISTMAS MOONSHINE",7,0.99,21.99,"28 MySQL Boulevard"
682,"CHRISTMAS MOONSHINE",7,0.99,21.99,"28 MySQL Boulevard"
683,"CHRISTMAS MOONSHINE",7,0.99,21.99,"28 MySQL Boulevard"
684,"CIDER DESIRE",7,2.99,9.99,"47 MySakila Drive"
685,"CIDER DESIRE",7,2.99,9.99,"47 MySakila Drive"
686,"CIDER DESIRE",7,2.99,9.99,"28 MySQL Boulevard"
687,"CIDER DESIRE",7,2.99,9.99,"28 MySQL Boulevard"
688,"CIDER DESIRE",7,2.99,9.99,"28 MySQL Boulevard"
689,"CIDER DESIRE",7,2.99,9.99,"28 MySQL Boulevard"
690,"CINCINATTI WHISPERER",5,4.99,26.99,"47 MySakila Drive"
691,"CINCINATTI WHISPERER",5,4.99,26.99,"47 MySakila Drive"
692,"CINCINATTI WHISPERER",5,4.99,26.99,"28 MySQL Boulevard"
693,"CINCINATTI WHISPERER",5,4.99,26.99,"28 MySQL Boulevard"
694,"CIRCUS YOUTH",5,2.99,13.99,"47 MySakila Drive"
695,"CIRCUS YOUTH",5,2.99,13.99,"47 MySakila Drive"
696,"CIRCUS YOUTH",5,2.99,13.99,"47 MySakila Drive"
697,"CIRCUS YOUTH",5,2.99,13.99,"47 MySakila Drive"
698,"CITIZEN SHREK",7,0.99,18.99,"47 MySakila Drive"
699,"CITIZEN SHREK",7,0.99,18.99,"47 MySakila Drive"
700,"CITIZEN SHREK",7,0.99,18.99,"47 MySakila Drive"
701,"CITIZEN SHREK",7,0.99,18.99,"47 MySakila Drive"
702,"CLASH FREDDY",6,2.99,12.99,"47 MySakila Drive"
703,"CLASH FREDDY",6,2.99,12.99,"47 MySakila Drive"
704,"CLASH FREDDY",6,2.99,12.99,"47 MySakila Drive"
705,"CLASH FREDDY",6,2.99,12.99,"28 MySQL Boulevard"
706,"CLASH FREDDY",6,2.99,12.99,"28 MySQL Boulevard"
707,"CLASH FREDDY",6,2.99,12.99,"28 MySQL Boulevard"
708,"CLASH FREDDY",6,2.99,12.99,"28 MySQL Boulevard"
709,"CLEOPATRA DEVIL",6,0.99,26.99,"47 MySakila Drive"
710,"CLEOPATRA DEVIL",6,0.99,26.99,"47 MySakila Drive"
711,"CLEOPATRA DEVIL",6,0.99,26.99,"28 MySQL Boulevard"
712,"CLEOPATRA DEVIL",6,0.99,26.99,"28 MySQL Boulevard"
713,"CLEOPATRA DEVIL",6,0.99,26.99,"28 MySQL Boulevard"
714,"CLERKS ANGELS",3,4.99,15.99,"28 MySQL Boulevard"
715,"CLERKS ANGELS",3,4.99,15.99,"28 MySQL Boulevard"
716,"CLOCKWORK PARADISE",7,0.99,29.99,"28 MySQL Boulevard"
717,"CLOCKWORK PARADISE",7,0.99,29.99,"28 MySQL Boulevard"
718,"CLOCKWORK PARADISE",7,0.99,29.99,"28 MySQL Boulevard"
719,"CLONES PINOCCHIO",6,2.99,16.99,"47 MySakila Drive"
720,"CLONES PINOCCHIO",6,2.99,16.99,"47 MySakila Drive"
721,"CLONES PINOCCHIO",6,2.99,16.99,"28 MySQL Boulevard"
722,"CLONES PINOCCHIO",6,2.99,16.99,"28 MySQL Boulevard"
723,"CLONES PINOCCHIO",6,2.99,16.99,"28 MySQL Boulevard"
724,"CLOSER BANG",5,4.99,12.99,"47 MySakila Drive"
725,"CLOSER BANG",5,4.99,12.99,"47 MySakila Drive"
726,"CLOSER BANG",5,4.99,12.99,"47 MySakila Drive"
727,"CLOSER BANG",5,4.99,12.99,"47 MySakila Drive"
728,"CLOSER BANG",5,4.99,12.99,"28 MySQL Boulevard"
729,"CLOSER BANG",5,4.99,12.99,"28 MySQL Boulevard"
730,"CLOSER BANG",5,4.99,12.99,"28 MySQL Boulevard"
731,"CLUB GRAFFITI",4,0.99,12.99,"47 MySakila Drive"
732,"CLUB GRAFFITI",4,0.99,12.99,"47 MySakila Drive"
733,"CLUB GRAFFITI",4,0.99,12.99,"28 MySQL Boulevard"
734,"CLUB GRAFFITI",4,0.99,12.99,"28 MySQL Boulevard"
735,"CLUB GRAFFITI",4,0.99,12.99,"28 MySQL Boulevard"
736,"CLUE GRAIL",6,4.99,27.99,"47 MySakila Drive"
737,"CLUE GRAIL",6,4.99,27.99,"47 MySakila Drive"
738,"CLUELESS BUCKET",4,2.99,13.99,"47 MySakila Drive"
739,"CLUELESS BUCKET",4,2.99,13.99,"47 MySakila Drive"
740,"CLUELESS BUCKET",4,2.99,13.99,"47 MySakila Drive"
741,"CLUELESS BUCKET",4,2.99,13.99,"28 MySQL Boulevard"
742,"CLUELESS BUCKET",4,2.99,13.99,"28 MySQL Boulevard"
743,"CLUELESS BUCKET",4,2.99,13.99,"28 MySQL Boulevard"
744,"CLUELESS BUCKET",4,2.99,13.99,"28 MySQL Boulevard"
745,"CLYDE THEORY",4,0.99,29.99,"28 MySQL Boulevard"
746,"CLYDE THEORY",4,0.99,29.99,"28 MySQL Boulevard"
747,"CLYDE THEORY",4,0.99,29.99,"28 MySQL Boulevard"
748,"COAST RAINBOW",4,0.99,20.99,"47 MySakila Drive"
749,"COAST RAINBOW",4,0.99,20.99,"47 MySakila Drive"
750,"COAST RAINBOW",4,0.99,20.99,"28 MySQL Boulevard"
751,"COAST RAINBOW",4,0.99,20.99,"28 MySQL Boulevard"
752,"COAST RAINBOW",4,0.99,20.99,"28 MySQL Boulevard"
753,"COLDBLOODED DARLING",7,4.99,27.99,"47 MySakila Drive"
754,"COLDBLOODED DARLING",7,4.99,27.99,"47 MySakila Drive"
755,"COLDBLOODED DARLING",7,4.99,27.99,"47 MySakila Drive"
756,"COLDBLOODED DARLING",7,4.99,27.99,"28 MySQL Boulevard"
757,"COLDBLOODED DARLING",7,4.99,27.99,"28 MySQL Boulevard"
758,"COLOR PHILADELPHIA",6,2.99,19.99,"47 MySakila Drive"
759,"COLOR PHILADELPHIA",6,2.99,19.99,"47 MySakila Drive"
760,"COLOR PHILADELPHIA",6,2.99,19.99,"47 MySakila Drive"
761,"COLOR PHILADELPHIA",6,2.99,19.99,"47 MySakila Drive"
762,"COLOR PHILADELPHIA",6,2.99,19.99,"28 MySQL Boulevard"
763,"COLOR PHILADELPHIA",6,2.99,19.99,"28 MySQL Boulevard"
764,"COMA HEAD",6,4.99,10.99,"47 MySakila Drive"
765,"COMA HEAD",6,4.99,10.99,"47 MySakila Drive"
766,"COMA HEAD",6,4.99,10.99,"47 MySakila Drive"
767,"COMA HEAD",6,4.99,10.99,"47 MySakila Drive"
768,"COMA HEAD",6,4.99,10.99,"28 MySQL Boulevard"
769,"COMA HEAD",6,4.99,10.99,"28 MySQL Boulevard"
770,"COMA HEAD",6,4.99,10.99,"28 MySQL Boulevard"
771,"COMANCHEROS ENEMY",5,0.99,23.99,"47 MySakila Drive"
772,"COMANCHEROS ENEMY",5,0.99,23.99,"47 MySakila Drive"
773,"COMFORTS RUSH",3,2.99,19.99,"47 MySakila Drive"
774,"COMFORTS RUSH",3,2.99,19.99,"47 MySakila Drive"
775,"COMFORTS RUSH",3,2.99,19.99,"28 MySQL Boulevard"
776,"COMFORTS RUSH",3,2.99,19.99,"28 MySQL Boulevard"
777,"COMMAND DARLING",5,4.99,28.99,"47 MySakila Drive"
778,"COMMAND DARLING",5,4.99,28.99,"47 MySakila Drive"
779,"COMMAND DARLING",5,4.99,28.99,"28 MySQL Boulevard"
780,"COMMAND DARLING",5,4.99,28.99,"28 MySQL Boulevard"
781,"COMMAND DARLING",5,4.99,28.99,"28 MySQL Boulevard"
782,"COMMAND DARLING",5,4.99,28.99,"28 MySQL Boulevard"
783,"CONEHEADS SMOOCHY",7,4.99,12.99,"47 MySakila Drive"
784,"CONEHEADS SMOOCHY",7,4.99,12.99,"47 MySakila Drive"
785,"CONEHEADS SMOOCHY",7,4.99,12.99,"47 MySakila Drive"
786,"CONEHEADS SMOOCHY",7,4.99,12.99,"47 MySakila Drive"
787,"CONEHEADS SMOOCHY",7,4.99,12.99,"28 MySQL Boulevard"
788,"CONEHEADS SMOOCHY",7,4.99,12.99,"28 MySQL Boulevard"
789,"CONEHEADS SMOOCHY",7,4.99,12.99,"28 MySQL Boulevard"
790,"CONFESSIONS MAGUIRE",7,4.99,25.99,"47 MySakila Drive"
791,"CONFESSIONS MAGUIRE",7,4.99,25.99,"47 MySakila Drive"
792,"CONFESSIONS MAGUIRE",7,4.99,25.99,"47 MySakila Drive"
793,"CONFESSIONS MAGUIRE",7,4.99,25.99,"28 MySQL Boulevard"
794,"CONFESSIONS MAGUIRE",7,4.99,25.99,"28 MySQL Boulevard"
795,"CONFIDENTIAL INTERVIEW",6,4.99,13.99,"47 MySakila Drive"
796,"CONFIDENTIAL INTERVIEW",6,4.99,13.99,"47 MySakila Drive"
797,"CONFIDENTIAL INTERVIEW",6,4.99,13.99,"47 MySakila Drive"
798,"CONFIDENTIAL INTERVIEW",6,4.99,13.99,"47 MySakila Drive"
799,"CONFIDENTIAL INTERVIEW",6,4.99,13.99,"28 MySQL Boulevard"
800,"CONFIDENTIAL INTERVIEW",6,4.99,13.99,"28 MySQL Boulevard"
801,"CONFIDENTIAL INTERVIEW",6,4.99,13.99,"28 MySQL Boulevard"
802,"CONFIDENTIAL INTERVIEW",6,4.99,13.99,"28 MySQL Boulevard"
803,"CONFUSED CANDLES",3,2.99,27.99,"47 MySakila Drive"
804,"CONFUSED CANDLES",3,2.99,27.99,"47 MySakila Drive"
805,"CONFUSED CANDLES",3,2.99,27.99,"28 MySQL Boulevard"
806,"CONFUSED CANDLES",3,2.99,27.99,"28 MySQL Boulevard"
807,"CONFUSED CANDLES",3,2.99,27.99,"28 MySQL Boulevard"
808,"CONGENIALITY QUEST",6,0.99,21.99,"47 MySakila Drive"
809,"CONGENIALITY QUEST",6,0.99,21.99,"47 MySakila Drive"
810,"CONGENIALITY QUEST",6,0.99,21.99,"28 MySQL Boulevard"
811,"CONGENIALITY QUEST",6,0.99,21.99,"28 MySQL Boulevard"
812,"CONGENIALITY QUEST",6,0.99,21.99,"28 MySQL Boulevard"
813,"CONGENIALITY QUEST",6,0.99,21.99,"28 MySQL Boulevard"
814,"CONNECTICUT TRAMP",4,4.99,20.99,"28 MySQL Boulevard"
815,"CONNECTICUT TRAMP",4,4.99,20.99,"28 MySQL Boulevard"
816,"CONNECTICUT TRAMP",4,4.99,20.99,"28 MySQL Boulevard"
817,"CONNECTION MICROCOSMOS",6,0.99,25.99,"47 MySakila Drive"
818,"CONNECTION MICROCOSMOS",6,0.99,25.99,"47 MySakila Drive"
819,"CONQUERER NUTS",4,4.99,14.99,"47 MySakila Drive"
820,"CONQUERER NUTS",4,4.99,14.99,"47 MySakila Drive"
821,"CONQUERER NUTS",4,4.99,14.99,"47 MySakila Drive"
822,"CONQUERER NUTS",4,4.99,14.99,"47 MySakila Drive"
823,"CONSPIRACY SPIRIT",4,2.99,27.99,"28 MySQL Boulevard"
824,"CONSPIRACY SPIRIT",4,2.99,27.99,"28 MySQL Boulevard"
825,"CONTACT ANONYMOUS",7,2.99,10.99,"47 MySakila Drive"
826,"CONTACT ANONYMOUS",7,2.99,10.99,"47 MySakila Drive"
827,"CONTACT ANONYMOUS",7,2.99,10.99,"47 MySakila Drive"
828,"CONTACT ANONYMOUS",7,2.99,10.99,"28 MySQL Boulevard"
829,"CONTACT ANONYMOUS",7,2.99,10.99,"28 MySQL Boulevard"
830,"CONTACT ANONYMOUS",7,2.99,10.99,"28 MySQL Boulevard"
831,"CONTACT ANONYMOUS",7,2.99,10.99,"28 MySQL Boulevard"
832,"CONTROL ANTHEM",7,4.99,9.99,"47 MySakila Drive"
833,"CONTROL ANTHEM",7,4.99,9.99,"47 MySakila Drive"
834,"CONVERSATION DOWNHILL",4,4.99,14.99,"47 MySakila Drive"
835,"CONVERSATION DOWNHILL",4,4.99,14.99,"47 MySakila Drive"
836,"CONVERSATION DOWNHILL",4,4.99,14.99,"47 MySakila Drive"
837,"CONVERSATION DOWNHILL",4,4.99,14.99,"28 MySQL Boulevard"
838,"CONVERSATION DOWNHILL",4,4.99,14.99,"28 MySQL Boulevard"
839,"CONVERSATION DOWNHILL",4,4.99,14.99,"28 MySQL Boulevard"
840,"CORE SUIT",3,2.99,24.99,"47 MySakila Drive"
841,"CORE SUIT",3,2.99,24.99,"47 MySakila Drive"
842,"CORE SUIT",3,2.99,24.99,"28 MySQL Boulevard"
843,"CORE SUIT",3,2.99,24.99,"28 MySQL Boulevard"
844,"CORE SUIT",3,2.99,24.99,"28 MySQL Boulevard"
845,"COWBOY DOOM",3,2.99,10.99,"47 MySakila Drive"
846,"COWBOY DOOM",3,2.99,10.99,"47 MySakila Drive"
847,"CRAFT OUTFIELD",6,0.99,17.99,"47 MySakila Drive"
848,"CRAFT OUTFIELD",6,0.99,17.99,"47 MySakila Drive"
849,"CRAFT OUTFIELD",6,0.99,17.99,"28 MySQL Boulevard"
850,"CRAFT OUTFIELD",6,0.99,17.99,"28 MySQL Boulevard"
851,"CRANES RESERVOIR",5,2.99,12.99,"28 MySQL Boulevard"
852,"CRANES RESERVOIR",5,2.99,12.99,"28 MySQL Boulevard"
853,"CRANES RESERVOIR",5,2.99,12.99,"28 MySQL Boulevard"
854,"CRAZY HOME",7,2.99,24.99,"47 MySakila Drive"
855,"CRAZY HOME",7,2.99,24.99,"47 MySakila Drive"
856,"CRAZY HOME",7,2.99,24.99,"47 MySakila Drive"
857,"CREATURES SHAKESPEARE",3,0.99,23.99,"47 MySakila Drive"
858,"CREATURES SHAKESPEARE",3,0.99,23.99,"47 MySakila Drive"
859,"CREATURES SHAKESPEARE",3,0.99,23.99,"28 MySQL Boulevard"
860,"CREATURES SHAKESPEARE",3,0.99,23.99,"28 MySQL Boulevard"
861,"CREATURES SHAKESPEARE",3,0.99,23.99,"28 MySQL Boulevard"
862,"CREATURES SHAKESPEARE",3,0.99,23.99,"28 MySQL Boulevard"
863,"CREEPERS KANE",5,4.99,23.99,"28 MySQL Boulevard"
864,"CREEPERS KANE",5,4.99,23.99,"28 MySQL Boulevard"
865,"CREEPERS KANE",5,4.99,23.99,"28 MySQL Boulevard"
866,"CREEPERS KANE",5,4.99,23.99,"28 MySQL Boulevard"
867,"CROOKED FROGMEN",6,0.99,27.99,"47 MySakila Drive"
868,"CROOKED FROGMEN",6,0.99,27.99,"47 MySakila Drive"
869,"CROOKED FROGMEN",6,0.99,27.99,"47 MySakila Drive"
870,"CROOKED FROGMEN",6,0.99,27.99,"28 MySQL Boulevard"
871,"CROOKED FROGMEN",6,0.99,27.99,"28 MySQL Boulevard"
872,"CROOKED FROGMEN",6,0.99,27.99,"28 MySQL Boulevard"
873,"CROSSROADS CASUALTIES",5,2.99,20.99,"47 MySakila Drive"
874,"CROSSROADS CASUALTIES",5,2.99,20.99,"47 MySakila Drive"
875,"CROSSROADS CASUALTIES",5,2.99,20.99,"47 MySakila Drive"
876,"CROSSROADS CASUALTIES",5,2.99,20.99,"47 MySakila Drive"
877,"CROSSROADS CASUALTIES",5,2.99,20.99,"28 MySQL Boulevard"
878,"CROSSROADS CASUALTIES",5,2.99,20.99,"28 MySQL Boulevard"
879,"CROSSROADS CASUALTIES",5,2.99,20.99,"28 MySQL Boulevard"
880,"CROSSROADS CASUALTIES",5,2.99,20.99,"28 MySQL Boulevard"
881,"CROW GREASE",6,0.99,22.99,"47 MySakila Drive"
882,"CROW GREASE",6,0.99,22.99,"47 MySakila Drive"
883,"CROW GREASE",6,0.99,22.99,"28 MySQL Boulevard"
884,"CROW GREASE",6,0.99,22.99,"28 MySQL Boulevard"
885,"CRUELTY UNFORGIVEN",7,0.99,29.99,"47 MySakila Drive"
886,"CRUELTY UNFORGIVEN",7,0.99,29.99,"47 MySakila Drive"
887,"CRUSADE HONEY",4,2.99,27.99,"47 MySakila Drive"
888,"CRUSADE HONEY",4,2.99,27.99,"47 MySakila Drive"
889,"CUPBOARD SINNERS",4,2.99,29.99,"47 MySakila Drive"
890,"CUPBOARD SINNERS",4,2.99,29.99,"47 MySakila Drive"
891,"CUPBOARD SINNERS",4,2.99,29.99,"47 MySakila Drive"
892,"CUPBOARD SINNERS",4,2.99,29.99,"47 MySakila Drive"
893,"CUPBOARD SINNERS",4,2.99,29.99,"28 MySQL Boulevard"
894,"CUPBOARD SINNERS",4,2.99,29.99,"28 MySQL Boulevard"
895,"CUPBOARD SINNERS",4,2.99,29.99,"28 MySQL Boulevard"
896,"CUPBOARD SINNERS",4,2.99,29.99,"28 MySQL Boulevard"
897,"CURTAIN VIDEOTAPE",7,0.99,27.99,"47 MySakila Drive"
898,"CURTAIN VIDEOTAPE",7,0.99,27.99,"47 MySakila Drive"
899,"CURTAIN VIDEOTAPE",7,0.99,27.99,"47 MySakila Drive"
900,"CURTAIN VIDEOTAPE",7,0.99,27.99,"47 MySakila Drive"
901,"CURTAIN VIDEOTAPE",7,0.99,27.99,"28 MySQL Boulevard"
902,"CURTAIN VIDEOTAPE",7,0.99,27.99,"28 MySQL Boulevard"
903,"CURTAIN VIDEOTAPE",7,0.99,27.99,"28 MySQL Boulevard"
904,"CURTAIN VIDEOTAPE",7,0.99,27.99,"28 MySQL Boulevard"
905,"CYCLONE FAMILY",7,2.99,18.99,"47 MySakila Drive"
906,"CYCLONE FAMILY",7,2.99,18.99,"47 MySakila Drive"
907,"CYCLONE FAMILY",7,2.99,18.99,"47 MySakila Drive"
908,"CYCLONE FAMILY",7,2.99,18.99,"47 MySakila Drive"
909,"DADDY PITTSBURGH",5,4.99,26.99,"47 MySakila Drive"
910,"DADDY PITTSBURGH",5,4.99,26.99,"47 MySakila Drive"
911,"DADDY PITTSBURGH",5,4.99,26.99,"47 MySakila Drive"
912,"DAISY MENAGERIE",5,4.99,9.99,"28 MySQL Boulevard"
913,"DAISY MENAGERIE",5,4.99,9.99,"28 MySQL Boulevard"
914,"DAISY MENAGERIE",5,4.99,9.99,"28 MySQL Boulevard"
915,"DAISY MENAGERIE",5,4.99,9.99,"28 MySQL Boulevard"
916,"DALMATIONS SWEDEN",4,0.99,25.99,"47 MySakila Drive"
917,"DALMATIONS SWEDEN",4,0.99,25.99,"47 MySakila Drive"
918,"DALMATIONS SWEDEN",4,0.99,25.99,"47 MySakila Drive"
919,"DALMATIONS SWEDEN",4,0.99,25.99,"47 MySakila Drive"
920,"DALMATIONS SWEDEN",4,0.99,25.99,"28 MySQL Boulevard"
921,"DALMATIONS SWEDEN",4,0.99,25.99,"28 MySQL Boulevard"
922,"DANCES NONE",3,0.99,22.99,"47 MySakila Drive"
923,"DANCES NONE",3,0.99,22.99,"47 MySakila Drive"
924,"DANCES NONE",3,0.99,22.99,"47 MySakila Drive"
925,"DANCES NONE",3,0.99,22.99,"47 MySakila Drive"
926,"DANCING FEVER",6,0.99,25.99,"47 MySakila Drive"
927,"DANCING FEVER",6,0.99,25.99,"47 MySakila Drive"
928,"DANCING FEVER",6,0.99,25.99,"47 MySakila Drive"
929,"DANCING FEVER",6,0.99,25.99,"47 MySakila Drive"
930,"DANCING FEVER",6,0.99,25.99,"28 MySQL Boulevard"
931,"DANCING FEVER",6,0.99,25.99,"28 MySQL Boulevard"
932,"DANCING FEVER",6,0.99,25.99,"28 MySQL Boulevard"
933,"DANCING FEVER",6,0.99,25.99,"28 MySQL Boulevard"
934,"DANGEROUS UPTOWN",7,4.99,26.99,"47 MySakila Drive"
935,"DANGEROUS UPTOWN",7,4.99,26.99,"47 MySakila Drive"
936,"DANGEROUS UPTOWN",7,4.99,26.99,"47 MySakila Drive"
937,"DANGEROUS UPTOWN",7,4.99,26.99,"47 MySakila Drive"
938,"DARES PLUTO",7,2.99,16.99,"47 MySakila Drive"
939,"DARES PLUTO",7,2.99,16.99,"47 MySakila Drive"
940,"DARES PLUTO",7,2.99,16.99,"47 MySakila Drive"
941,"DARKNESS WAR",6,2.99,24.99,"47 MySakila Drive"
942,"DARKNESS WAR",6,2.99,24.99,"47 MySakila Drive"
943,"DARKNESS WAR",6,2.99,24.99,"47 MySakila Drive"
944,"DARKNESS WAR",6,2.99,24.99,"47 MySakila Drive"
945,"DARKO DORADO",3,4.99,13.99,"28 MySQL Boulevard"
946,"DARKO DORADO",3,4.99,13.99,"28 MySQL Boulevard"
947,"DARKO DORADO",3,4.99,13.99,"28 MySQL Boulevard"
948,"DARLING BREAKING",7,4.99,20.99,"47 MySakila Drive"
949,"DARLING BREAKING",7,4.99,20.99,"47 MySakila Drive"
950,"DARN FORRESTER",7,4.99,14.99,"47 MySakila Drive"
951,"DARN FORRESTER",7,4.99,14.99,"47 MySakila Drive"
952,"DARN FORRESTER",7,4.99,14.99,"47 MySakila Drive"
953,"DARN FORRESTER",7,4.99,14.99,"28 MySQL Boulevard"
954,"DARN FORRESTER",7,4.99,14.99,"28 MySQL Boulevard"
955,"DATE SPEED",4,0.99,19.99,"47 MySakila Drive"
956,"DATE SPEED",4,0.99,19.99,"47 MySakila Drive"
957,"DATE SPEED",4,0.99,19.99,"47 MySakila Drive"
958,"DATE SPEED",4,0.99,19.99,"47 MySakila Drive"
959,"DAUGHTER MADIGAN",3,4.99,13.99,"28 MySQL Boulevard"
960,"DAUGHTER MADIGAN",3,4.99,13.99,"28 MySQL Boulevard"
961,"DAUGHTER MADIGAN",3,4.99,13.99,"28 MySQL Boulevard"
962,"DAUGHTER MADIGAN",3,4.99,13.99,"28 MySQL Boulevard"
963,"DAWN POND",4,4.99,27.99,"47 MySakila Drive"
964,"DAWN POND",4,4.99,27.99,"47 MySakila Drive"
965,"DAWN POND",4,4.99,27.99,"47 MySakila Drive"
966,"DAWN POND",4,4.99,27.99,"28 MySQL Boulevard"
967,"DAWN POND",4,4.99,27.99,"28 MySQL Boulevard"
968,"DAWN POND",4,4.99,27.99,"28 MySQL Boulevard"
969,"DAY UNFAITHFUL",3,4.99,16.99,"47 MySakila Drive"
970,"DAY UNFAITHFUL",3,4.99,16.99,"47 MySakila Drive"
971,"DAY UNFAITHFUL",3,4.99,16.99,"28 MySQL Boulevard"
972,"DAY UNFAITHFUL",3,4.99,16.99,"28 MySQL Boulevard"
973,"DAY UNFAITHFUL",3,4.99,16.99,"28 MySQL Boulevard"
974,"DECEIVER BETRAYED",7,0.99,22.99,"47 MySakila Drive"
975,"DECEIVER BETRAYED",7,0.99,22.99,"47 MySakila Drive"
976,"DECEIVER BETRAYED",7,0.99,22.99,"47 MySakila Drive"
977,"DECEIVER BETRAYED",7,0.99,22.99,"47 MySakila Drive"
978,"DECEIVER BETRAYED",7,0.99,22.99,"28 MySQL Boulevard"
979,"DECEIVER BETRAYED",7,0.99,22.99,"28 MySQL Boulevard"
980,"DECEIVER BETRAYED",7,0.99,22.99,"28 MySQL Boulevard"
981,"DEEP CRUSADE",6,4.99,20.99,"47 MySakila Drive"
982,"DEEP CRUSADE",6,4.99,20.99,"47 MySakila Drive"
983,"DEEP CRUSADE",6,4.99,20.99,"47 MySakila Drive"
984,"DEEP CRUSADE",6,4.99,20.99,"47 MySakila Drive"
985,"DEER VIRGINIAN",7,2.99,13.99,"47 MySakila Drive"
986,"DEER VIRGINIAN",7,2.99,13.99,"47 MySakila Drive"
987,"DEER VIRGINIAN",7,2.99,13.99,"47 MySakila Drive"
988,"DEER VIRGINIAN",7,2.99,13.99,"47 MySakila Drive"
989,"DEER VIRGINIAN",7,2.99,13.99,"28 MySQL Boulevard"
990,"DEER VIRGINIAN",7,2.99,13.99,"28 MySQL Boulevard"
991,"DEER VIRGINIAN",7,2.99,13.99,"28 MySQL Boulevard"
992,"DEER VIRGINIAN",7,2.99,13.99,"28 MySQL Boulevard"
993,"DESERT POSEIDON",4,4.99,27.99,"47 MySakila Drive"
994,"DESERT POSEIDON",4,4.99,27.99,"47 MySakila Drive"
995,"DESERT POSEIDON",4,4.99,27.99,"28 MySQL Boulevard"
996,"DESERT POSEIDON",4,4.99,27.99,"28 MySQL Boulevard"
997,"DESERT POSEIDON",4,4.99,27.99,"28 MySQL Boulevard"
998,"DESERT POSEIDON",4,4.99,27.99,"28 MySQL Boulevard"
999,"DESIRE ALIEN",7,2.99,24.99,"28 MySQL Boulevard"
1000,"DESIRE ALIEN",7,2.99,24.99,"28 MySQL Boulevard"
